Dirección,Localidad
AV MITRE 831,Aguilares
AVDA MITRE 204,Aguilares
AVDA SARMIENTO 1074,Aguilares
AVDA RIVADAVIA 451,Alderetes
AVDA RIVADAVIA 631,Alderetes
HIPOLITO YRIGOYEN S/N 0,Amaicha del Valle
AVDA MÑOR GREGORIO DE JESUS DIAZ 499,Banda del Río Salí
AVENIDA SAN MARTIN 186,Banda del Río Salí
REP DE GUATEMALA 0,Banda del Río Salí
JUAN XXIII 501,Bella Vista
AV GÜEMES Y AV FRANCIA 0,Concepción
AVDA NASIF ESTEFANO 119,Concepción
SAN MARTIN 2414,Concepción
PRES HIPOLITO YRIGOYEN 620,Concepción
RIVADAVIA 79,Concepción
GRAL MANUEL BELGRANO 268,Concepción
ITALIA 1361,Concepción
CATAMARCA 608,Concepción
MORENO 1290,Concepción
GREGORIA MATORRAS 327,Concepción
ITALIA 1147,Concepción
FRANCIA 1333,Concepción
SAN JUAN 245,Concepción
VICENTE LOPEZ Y PLANES 195 195,Concepción
OB JOSE EUSEBIO COLOMBRES 2698,Concepción
RIVADAVIA 385,Famaillá
RIVADAVIA 193,Famaillá
SARMIENTO 287,Famaillá
SARMIENTO 387,Famaillá
AVDA DOMINGO FAUSTINO SARMIENTO 561,Juan Bautista Alberdi
RIVADAVIA 490,Juan Bautista Alberdi
LIDORO J QUINTEROS 270,Juan Bautista Alberdi
SAN MARTIN 175,La Cocha
SARMIENTO 140,La Cocha
CALLE 6 373,Las Talitas
BARRIO SAN MARTIN MZA 19 CASA 13 1,Los Nogales
AVDA SAN MARTIN 3,Los Ralos
PJE. JOSÉ HUMBERTO DELGADO 359,Lules
ZOILO DOMINGUEZ 111,Lules
24 DE SEPTIEMBRE 850,Monteros
COLON 212,Monteros
GRAL MANUEL BELGRANO 42,Monteros
LAMADRID 72,Monteros
SAN MARTIN 810,Monteros
MITRE -VILLA NUEVA 250,Ranchillos
INMACULADA CONCEPCION 220,Río Seco
24 DE SEPTIEMBRE 440,San Miguel de Tucumán
25 DE MAYO 585,San Miguel de Tucumán
25 DE MAYO DE 1810 319,San Miguel de Tucumán
9 DE JULIO DE 1816 355,San Miguel de Tucumán
AVDA DR MANUEL BELGRANO 2872,San Miguel de Tucumán
AVENIDA NESTOR KIRCHNER 1764,San Miguel de Tucumán
AVDA CRISTOBAL COLON 557,San Miguel de Tucumán
AV JUAN B JUSTO 3380,San Miguel de Tucumán
AV JUJUY Y DEMOCRACI- 0,San Miguel de Tucumán
AVDA 24 DE SEPTIEMBRE 380,San Miguel de Tucumán
AVDA ADOLFO DE LA VEGA 348,San Miguel de Tucumán
AVDA BARTOLOME MITRE 189,San Miguel de Tucumán
AVDA BARTOLOME MITRE 829,San Miguel de Tucumán
AVDA BENJAMIN ARAOZ 1117,San Miguel de Tucumán
AVDA DOMINGO FAUSTINO SARMIENTO 745,San Miguel de Tucumán
AVDA DR JUAN BAUTISTA JUSTO 1149,San Miguel de Tucumán
AVDA DR JUAN BAUTISTA JUSTO 1522,San Miguel de Tucumán
AVDA DR JUAN BAUTISTA JUSTO 2002,San Miguel de Tucumán
AVDA DR JUAN BAUTISTA JUSTO 924,San Miguel de Tucumán
AVDA DR MANUEL BELGRANO 2755,San Miguel de Tucumán
AVDA DR MANUEL BELGRANO 3598,San Miguel de Tucumán
AVDA FRANCISCO MARINA ALFARO 1181,San Miguel de Tucumán
AVDA INDEPENDENCIA 2752,San Miguel de Tucumán
AVDA JULIO ARGENTINO ROCA 3057,San Miguel de Tucumán
AVDA JULIO ARGENTINO ROCA 879,San Miguel de Tucumán
AVDA LEANDRO NICEFORO ALEM 1796,San Miguel de Tucumán
AVDA LEANDRO NICEFORO ALEM 267,San Miguel de Tucumán
AVDA LEANDRO NICEFORO ALEM 56,San Miguel de Tucumán
AVDA NICOLAS AVELLANEDA 52,San Miguel de Tucumán
AVDA PROVINCIA DE CATAMARCA 426,San Miguel de Tucumán
AVDA PROVINCIA DE SALTA 395,San Miguel de Tucumán
AVDA SALTA 1398,San Miguel de Tucumán
CRISOSTOMO ALVAREZ 1070,San Miguel de Tucumán
BAT DE AYACUCHO 210,San Miguel de Tucumán
BAT DE AYACUCHO 401,San Miguel de Tucumán
BAT DE CHACABUCO 65,San Miguel de Tucumán
BAT DE JUNIN 107,San Miguel de Tucumán
BAT DE JUNIN 418,San Miguel de Tucumán
BAT DE MAIPU 23,San Miguel de Tucumán
PROVINCIA DE CORRIENTES 2304,San Miguel de Tucumán
CONGRESO DE TUCUMAN 514,San Miguel de Tucumán
CNO DEL PERU 85,San Miguel de Tucumán
CORDOBA 649,San Miguel de Tucumán
CORDOBA 758,San Miguel de Tucumán
MAIPU-LOCAL 19 80,San Miguel de Tucumán
AV. EJERCITO DEL NORTE 0,San Miguel de Tucumán
DOMINGO MATHEU 114,San Miguel de Tucumán
DR BERNARDO DE MONTEAGUDO 112,San Miguel de Tucumán
DR BERNARDO DE MONTEAGUDO 467,San Miguel de Tucumán
EDUARDO BULNES 1681,San Miguel de Tucumán
GRAL JUAN LAVALLE 1851,San Miguel de Tucumán
GRAL JOSE DE SAN MARTIN 691,San Miguel de Tucumán
GRAL JOSE DE SAN MARTIN 825,San Miguel de Tucumán
GRAL JOSE DE SAN MARTIN 853,San Miguel de Tucumán
GRAL JOSE MARIA PAZ 994,San Miguel de Tucumán
GRAL JUAN LAVALLE 765,San Miguel de Tucumán
GRAL JUAN RAMIREZ DE VELAZCO 3062,San Miguel de Tucumán
MAIPU 140,San Miguel de Tucumán
MARIANO MORENO 541,San Miguel de Tucumán
CRISOSTOMO ALVAREZ 464,San Miguel de Tucumán
MENDOZA 514,San Miguel de Tucumán
AV ROCA 1096,San Miguel de Tucumán
PRES BERNARDINO RIVADAVIA 88,San Miguel de Tucumán
PROVINCIA DE CORDOBA 99,San Miguel de Tucumán
PROVINCIA DE CORRIENTES 826,San Miguel de Tucumán
PROVINCIA DE ENTRE RIOS 130,San Miguel de Tucumán
PROVINCIA DE SANTA FE 15,San Miguel de Tucumán
PROVINCIA DE SANTIAGO DEL ESTERO 455,San Miguel de Tucumán
BAT DE JUNIN 254,San Miguel de Tucumán
AVDA JULIO ARGENTINO ROCA 3450,San Miguel de Tucumán
CAMINO DEL PERÚ 950,San Miguel de Tucumán
AVDA DR MANUEL BELGRANO 1690,San Miguel de Tucumán
SAN MARTIN 30,Santa Ana
25 DE MAYO 238,Simoca
9 DE JULIO 225,Simoca
AVDA PRES PERON 120,Tafí del Valle
AVENIDA JUAN CALCHAQUÍ 1,Tafí del Valle
S/N B° LA COSTA 1 0,Tafí del Valle
AVDA LEANDRO NICEFORO ALEM 372,Tafí Viejo
AVENIDA CONSTITUCIÓN 2500,Tafí Viejo
24 DE SEPTIEMBRE 202,Tafí Viejo
ALICIA GARZON 850 - LOMAS DE TAFI 0,Tafí Viejo
HIPOLITO IRIGOYEN 296,Trancas
AVDA SAN MARTIN 168,Villa La Trinidad
AVDA ACONQUIJA 1336,Yerba Buena
AVDA ACONQUIJA 1561,Yerba Buena
AVDA ACONQUIJA 1799,Yerba Buena
AVDA SAN MARTIN 4,Yerba Buena
AVDA SOLANO VERA 265,Yerba Buena
AVDA SOLANO VERA 530,Yerba Buena
AVENIDA PRESIDENTE PERON 150,Yerba Buena
CAMINO DE SIRGA Y SAN MARTIN PASEO LAS CAÑAS 5,Yerba Buena
ERNESTO TORNQUIST 696,Lastenia
BALCARCE 205,Lastenia
REPUBLICA 194,Lastenia
9 DE JULIO S/N 0,Los Sarmientos
